{"avg_duration": {"2": 22614.0, "3": 8821.489361702128, "1": 3066.5789473684213}, "max_duration": {"2": 161170.0, "3": 102450.0, "1": 28280.0}, "histogram": {}}