{
    "left": {
        "min_duration": 30.0,
        "max_duration": 28280.0,
        "avg_duration": 3435.294117647059
    },
    "center": {
        "min_duration": 30.0,
        "max_duration": 102450.0,
        "avg_duration": 10116.829268292682
    },
    "right": {
        "min_duration": 1200.0,
        "max_duration": 235130.0,
        "avg_duration": 64668.57142857143
    },
    "taken_percentage": {
        "left": [
            0.0,
            0.0,
            0.0,
            0.0,
            0.0,
            0.0,
            1.0,
            41.0,
            52.0,
            60.0,
            64.0,
            78.0,
            87.0,
            69.0,
            45.0,
            13.0,
            6.0,
            16.0,
            13.0,
            17.0,
            18.0,
            20.0,
            16.0,
            0.0
        ],
        "center": [
            100.0,
            100.0,
            100.0,
            100.0,
            100.0,
            100.0,
            81.0,
            75.0,
            100.0,
            92.0,
            90.0,
            92.0,
            96.0,
            90.0,
            84.0,
            95.0,
            96.0,
            93.0,
            84.0,
            87.0,
            74.0,
            86.0,
            100.0,
            87.0
        ],
        "right": [
            100.0,
            100.0,
            100.0,
            100.0,
            100.0,
            100.0,
            98.0,
            100.0,
            100.0,
            100.0,
            100.0,
            100.0,
            100.0,
            100.0,
            100.0,
            100.0,
            100.0,
            100.0,
            100.0,
            99.0,
            100.0,
            98.0,
            100.0,
            100.0
        ],
        "free": [
            100.0,
            100.0,
            100.0,
            100.0,
            100.0,
            100.0,
            120.0,
            85.0,
            48.0,
            48.0,
            45.0,
            29.0,
            17.0,
            41.0,
            70.0,
            92.0,
            98.0,
            91.0,
            104.0,
            97.0,
            108.0,
            96.0,
            84.0,
            113.0
        ]
    }
}